{"cameraMode":{"drawMode":0,"name":"Shaded","section":"Shading Mode"},"sceneLighting":false,"audioPlay":false,"sceneViewState":{"m_AlwaysRefresh":false,"showFog":true,"showSkybox":true,"showFlares":true,"showImageEffects":true,"showParticleSystems":true,"showVisualEffectGraphs":true,"m_FxEnabled":false},"in2DMode":false,"pivot":{"x":-0.5409225225448608,"y":-14.786949157714844,"z":-70.7828369140625},"rotation":{"x":-0.002099142409861088,"y":0.9918685555458069,"z":-0.12657560408115388,"w":-0.025305816903710367},"size":36.076568603515628,"orthographic":false}