{"cameraMode":{"drawMode":0,"name":"Shaded","section":"Shading Mode"},"sceneLighting":false,"audioPlay":false,"sceneViewState":{"m_AlwaysRefresh":false,"showFog":true,"showSkybox":true,"showFlares":true,"showImageEffects":true,"showParticleSystems":true,"showVisualEffectGraphs":true,"m_FxEnabled":true},"in2DMode":false,"pivot":{"x":7.105093002319336,"y":2.1902737617492677,"z":-2.83612060546875},"rotation":{"x":0.005134579725563526,"y":-0.9937405586242676,"z":0.05072132870554924,"w":0.09993252158164978},"size":5.2263689041137699,"orthographic":false}