{"cameraMode":{"drawMode":0,"name":"Shaded","section":"Shading Mode"},"sceneLighting":false,"audioPlay":false,"sceneViewState":{"m_AlwaysRefresh":false,"showFog":true,"showSkybox":true,"showFlares":true,"showImageEffects":true,"showParticleSystems":true,"showVisualEffectGraphs":true,"m_FxEnabled":true},"in2DMode":false,"pivot":{"x":3.086617946624756,"y":1.6014493703842164,"z":-3.8931498527526857},"rotation":{"x":-0.06510273367166519,"y":0.9107126593589783,"z":-0.15723907947540284,"w":-0.37661561369895937},"size":2.0767760276794435,"orthographic":false}