{"cameraMode":{"drawMode":0,"name":"Shaded","section":"Shading Mode"},"sceneLighting":false,"audioPlay":false,"sceneViewState":{"m_AlwaysRefresh":false,"showFog":true,"showSkybox":true,"showFlares":true,"showImageEffects":true,"showParticleSystems":true,"showVisualEffectGraphs":true,"m_FxEnabled":false},"in2DMode":false,"pivot":{"x":1.636800765991211,"y":-24.026180267333986,"z":-63.097862243652347},"rotation":{"x":-0.004393002483993769,"y":0.9735183715820313,"z":-0.22837890684604646,"w":-0.02348541095852852},"size":36.51802444458008,"orthographic":false}