{"cameraMode":{"drawMode":0,"name":"Shaded","section":"Shading Mode"},"sceneLighting":true,"audioPlay":false,"sceneViewState":{"m_AlwaysRefresh":false,"showFog":true,"showSkybox":true,"showFlares":true,"showImageEffects":true,"showParticleSystems":true,"showVisualEffectGraphs":true,"m_FxEnabled":true},"in2DMode":false,"pivot":{"x":24.267675399780275,"y":-0.4267432689666748,"z":2.9686341285705568},"rotation":{"x":0.07358493655920029,"y":0.5758237838745117,"z":-0.05214393138885498,"w":0.8125877380371094},"size":8.913985252380371,"orthographic":false}