{"cameraMode":{"drawMode":0,"name":"Shaded","section":"Shading Mode"},"sceneLighting":true,"audioPlay":false,"sceneViewState":{"m_AlwaysRefresh":false,"showFog":true,"showSkybox":true,"showFlares":true,"showImageEffects":true,"showParticleSystems":true,"showVisualEffectGraphs":true,"m_FxEnabled":true},"in2DMode":false,"pivot":{"x":3.488513708114624,"y":-4.574146270751953,"z":-27.141834259033204},"rotation":{"x":-0.004570289980620146,"y":0.9865884780883789,"z":-0.16154931485652924,"w":-0.02661236934363842},"size":13.15952205657959,"orthographic":false}