{"cameraMode":{"drawMode":0,"name":"Shaded","section":"Shading Mode"},"sceneLighting":false,"audioPlay":false,"sceneViewState":{"m_AlwaysRefresh":false,"showFog":true,"showSkybox":true,"showFlares":true,"showImageEffects":true,"showParticleSystems":true,"showVisualEffectGraphs":true,"m_FxEnabled":true},"in2DMode":false,"pivot":{"x":24.65665626525879,"y":1.9912910461425782,"z":-32.42548751831055},"rotation":{"x":0.012156561017036438,"y":0.922290027141571,"z":-0.027441786602139474,"w":0.3862513601779938},"size":21.825321197509767,"orthographic":false}