{"cameraMode":{"drawMode":0,"name":"Shaded","section":"Shading Mode"},"sceneLighting":false,"audioPlay":false,"sceneViewState":{"m_AlwaysRefresh":false,"showFog":true,"showSkybox":false,"showFlares":true,"showImageEffects":true,"showParticleSystems":true,"showVisualEffectGraphs":true,"m_FxEnabled":true},"in2DMode":false,"pivot":{"x":-4.823960304260254,"y":1.1503461599349976,"z":-0.24155139923095704},"rotation":{"x":-0.023367099463939668,"y":0.824813187122345,"z":-0.03415916487574577,"w":-0.5639258623123169},"size":3.4469621181488039,"orthographic":false}